date,client,question_id,answer_summary,light,action,owner,due
2026-10-01,Copperline Coffee Roasters,Q10,"More online subscription sales",green,"Carry into scope worksheet - objective column",Priya,2026-10-02
2026-10-01,Copperline Coffee Roasters,Q12,"Approvals: Dana + wholesale manager Riley",green,"Add both to kickoff attendee list",Priya,2026-10-02
2026-10-01,Copperline Coffee Roasters,Q19,"One-page brand PDF from 2023",green,"Request file - log in asset tracking",Priya,2026-10-02
2026-10-01,Copperline Coffee Roasters,Q24,"~60 photos from 2024 shoot",green,"Request originals - check rights note",Priya,2026-10-02
2026-10-01,Copperline Coffee Roasters,Q27,"Shopify, Cloudflare domain, Mailchimp, Instagram",green,"Pre-fill access checklist rows",Priya,2026-10-03
2026-10-01,Copperline Coffee Roasters,Q32,"Shopify admin = former developer, responsive",red,"Kickoff agenda item: plan handover or invite-based access",Priya,2026-10-06
2026-10-01,Copperline Coffee Roasters,Q34,"Wholesale price list is a single-person spreadsheet",amber,"Ask: who else needs edit rights after project",Priya,2026-10-06
2026-10-01,Copperline Coffee Roasters,Q36,"Soft launch before Nov 1 (wholesale season)",red,"Kickoff agenda item: confirm hard dates before milestone plan",Priya,2026-10-06
2026-10-02,Copperline Coffee Roasters,Q37,"Budget confirmed at 8500 for brand + site",green,"Matches proposal - note in scope worksheet",Priya,2026-10-03
2026-10-02,Copperline Coffee Roasters,Q39,"Previous developer went quiet 3 weeks",amber,"Set explicit response-time expectations in welcome packet",Priya,2026-10-06
