id,topic,prompt,answer,evidence_needed,owner_role
"L-001","Company profile","Provide a brief overview of your company, including history and ownership.","[COMPANY NAME] was founded in [YEAR] in [CITY, COUNTRY] and is owned by [OWNER/FOUNDERS]. We employ [N] people and have grown organically since launch, reaching [REVENUE RANGE OR MILESTONE] in [LAST FULL YEAR]. Our focus since day one has been [ONE-LINE SPECIALIZATION], which is the same capability this solicitation asks for.","company fact sheet; registry extract","Founder / Ops"
"L-002","Company profile","Describe your organization's mission and how it relates to this contract.","[MISSION ONE-LINER]. In practice that mission looks like [CONCRETE EXAMPLE OF THE MISSION IN DELIVERY]. For this engagement it means [SPECIFIC LINK BETWEEN MISSION AND THE BUYER'S OUTCOME].","mission statement page","Founder / Ops"
"L-003","Company profile","Summarize your company's size, structure and financial stability.","We are a [LEGAL FORM] with [N] full-time staff organized in [TEAMS/UNITS]. [FINANCIAL BASIS — e.g. profitable in each of the last N fiscal years / operating on grant funding]. We carry [INSURANCE TYPES] at the limits stated in section [X] of our submission, and a bank reference is available on request.","financial summary or auditor letter; insurance certificates","Finance"
"L-004","Company profile","How many clients do you serve and what types?","Today we serve [N] active clients across [SECTORS]. The segment relevant to this solicitation is [SEGMENT]: [N] clients, with typical contract lengths of [X]. [NAMED EXAMPLE IF PERMITTED] has been a client since [YEAR].","permissioned client list","Founder / Ops"
"L-005","Company profile","Where are you located and which geographies do you cover?","Our head office is in [CITY] and we deliver [REMOTE / ONSITE / HYBRID] across [REGIONS]. For this contract, coverage of [BUYER'S LOCATION] is provided by [ARRANGEMENT — e.g. our CITY team, 90 minutes from your offices].","office locations; travel policy","Ops"
"L-006","Company profile","What makes your company different from other bidders?","Three things, each provable: (1) [DIFFERENTIATOR 1 — capability plus where you have used it]; (2) [DIFFERENTIATOR 2 — specialist team, tooling or method]; (3) [DIFFERENTIATOR 3 — a measurable result from a comparable engagement]. Section [X] expands each with evidence.","one proof point per differentiator","Founder / Ops"
"L-007","Company profile","Provide your company's history of growth and key milestones.","Key milestones: [YEAR] founded; [YEAR] first enterprise client; [YEAR] [MILESTONE — team size, product launch, new market]; [YEAR] [MILESTONE]. Growth has come primarily from [CHANNEL — referrals, repeat business], with [N]% of [YEAR] revenue from existing clients.","milestone timeline","Founder / Ops"
"L-008","Company profile","Describe your experience working with organizations like ours.","We have worked with [N] organizations similar to yours in [SECTOR / SIZE / GOVERNANCE TYPE], including [EXAMPLE 1] and [EXAMPLE 2]. Those engagements taught us [BUYER-TYPE-SPECIFIC INSIGHT — e.g. approval chains, budget cycles, audit expectations], which is built into how we scope and report.","comparable case studies","Bid owner"
"L-009","Company profile","What is your vision for this contract if awarded?","Our objective for year one is [MEASURABLE OUTCOME 1]; by [MID-TERM POINT] we intend [OUTCOME 2]. We will review progress against these targets with your team [CADENCE] starting [WHEN], so progress is visible rather than asserted.","drafted outcome targets","Bid owner"
"L-010","Company profile","Describe your understanding of our organization and its objectives.","[BUYER NAME] exists to [MISSION/PURPOSE IN YOUR WORDS — from their website and annual report]. The objectives this solicitation serves are [OBJECTIVE 1] and [OBJECTIVE 2]. We read the requested [SERVICE] as the means to [BUYER'S OUTCOME], and our response is structured around that outcome rather than around a service catalog.","buyer annual report / strategic plan notes","Bid owner"
"L-011","Team & bios","Provide resumes/CVs for key personnel assigned to this contract.","Resumes for [N] key people are in section [X], each in one format: role on this contract, years of experience, certifications, and the two most relevant engagements with outcomes. [KEY PERSON 1] acts as [ROLE — e.g. engagement lead] and is your single point of accountability.","approved CV format; named people","Ops"
"L-012","Team & bios","Describe the qualifications and certifications of your team.","Our delivery team holds [CERTS LIST WITH COUNTS — e.g. 6 PMP, 3 CISSP]. Beyond certificates, [N] of our staff have [RELEVANT EXPERIENCE — e.g. delivered inside public-sector governance]. Copies of certificates are appended in [ATTACHMENT].","certificate register","Ops"
"L-013","Team & bios","Will the personnel named in your proposal remain on the contract?","The people named are the people who deliver. [KEY PERSON] is committed to this engagement through [PERIOD/MILESTONE]. If a change becomes necessary, we will propose a replacement with equal or better qualifications, give you [NOTICE] days of notice, and provide a handover period at no additional cost.","key-person commitment in staffing plan","Ops"
"L-014","Team & bios","Describe your staffing model and the ratio of senior to junior staff.","We staff engagements with [MODEL — e.g. one senior lead per N delivery staff]. On this contract that means [NAMED SENIOR ROLE] reviews all work before it reaches you, while [TEAM MIX] performs day-to-day delivery — senior judgment without senior-only billing.","org chart for this contract","Ops"
"L-015","Team & bios","How do you train and develop your staff?","Every team member has an annual training plan of [AMOUNT/PROFILE], reviewed [CADENCE]. For the capabilities this contract needs — [LIST 2-3 SKILLS] — we run [INTERNAL TRAINING / CERTIFICATION PATH]. Last year the team completed [N] certifications in total.","training policy summary","Ops"
"L-016","Team & bios","Provide an organizational chart for this engagement.","Section [X] shows the chart: your team deals with one named lead ([NAME]); beneath, [FUNCTION 1] ([N] people), [FUNCTION 2] ([N] people), and a QA/review function independent of delivery ([N] people). Names and contact routes are included so nothing routes through a generic inbox.","chart file","Ops"
"L-017","Team & bios","Describe your key personnel's experience with [SPECIFIC TECHNOLOGY/METHOD].","[NAME] has [N] years with [TECHNOLOGY/METHOD], most recently on [ENGAGEMENT — outcome in one line]. [NAME 2] adds [COMPLEMENTARY EXPERIENCE]. Between them they cover [ASPECT 1] and [ASPECT 2] named in your requirements.","CV extracts","Ops"
"L-018","Team & bios","What is your approach to knowledge transfer so our staff are not dependent on the contractor?","From week one we work in your tools, not ours: runbooks, decision logs and documentation live in [YOUR SYSTEM]. Every deliverable includes a short note on how it was produced, and [MILESTONE] includes a handover workshop with your team, so internal capability grows as we deliver.","sample runbook or documentation","Ops"
"L-019","Team & bios","How do you handle backfill if key staff leave during the contract?","Our bench plan for this contract identifies [N] trained deputies per key role. If a departure happens, a deputy steps in within [X] days with a documented handover, and you meet the replacement before the switch. This is a contractual commitment in section [X], not a courtesy.","staffing annex; sample contract clause","Ops"
"L-020","Team & bios","Who from your leadership will sponsor this contract?","[EXECUTIVE NAME, TITLE] sponsors this engagement personally: they join the kickoff, attend [QUARTERLY] reviews, and are the escalation point above the engagement lead. Their direct contact details are in section [X] — sponsorship here means a name and a phone number, not a logo.","executive commitment letter","Founder / Ops"
"L-021","Past performance","Describe up to three contracts of similar scope, size and complexity.","For each engagement: [CLIENT TYPE — anonymized if needed], [VALUE BAND], [PERIOD]. Scope: [TWO LINES]. Result: [MEASURABLE OUTCOME]. Relevance to your requirement [REF #]: [ONE LINE]. Full references are available and briefed.","three case studies in standard format","Bid owner"
"L-022","Past performance","Provide references who can speak to similar work.","References for [N] engagements are listed in section [X]: name, role, organization, email, phone, contract dates, and the scope each reference covers. We have briefed each reference that they may be contacted.","reference sheet with consents","Ops"
"L-023","Past performance","Describe a project that went wrong and what you changed as a result.","[ENGAGEMENT TYPE, YEAR] — we [WHAT WENT WRONG, stated honestly, one sentence]. Our response: [CORRECTIONS MADE]. What changed permanently: [PROCESS CHANGE — e.g. weekly written status, earlier escalation thresholds]. That change is now standard on every engagement, including, if awarded, yours.","lessons-learned register","Bid owner"
"L-024","Past performance","What measurable outcomes did your recent engagements achieve?","Three examples: [CLIENT A] — [METRIC] moved from [BASELINE] to [RESULT] in [PERIOD]; [CLIENT B] — [METRIC]; [CLIENT C] — [METRIC]. The measurement method for each is documented in the case study annex, so the numbers are auditable rather than decorative.","case study annex with measurement methods","Bid owner"
"L-025","Past performance","Have you performed work for public-sector / [BUYER TYPE] organizations?","[YES: N contracts since YEAR, including EXAMPLES. We are familiar with (RELEVANT MECHANICS — public reporting, budget-year cycles, audit requests).] [IF LIMITED: Our record in this segment is N engagements; the closest comparable is [EXAMPLE]. We have structured our plan to cover what a first-term contractor would otherwise learn on the job — specifically (ADAPTATION).]","contract list or equivalent","Bid owner"
"L-026","Past performance","What is your client retention rate?","[N]% of clients renew or extend after the first term (rolling [PERIOD]). The [N] non-renewals in that window were [REASONS — e.g. budget cycles, insourcing]; each went through a debrief that fed back into service design. Retention by segment: [SEGMENT] [N]%.","retention report","Finance"
"L-027","Past performance","Describe your largest contract by value and duration.","[CLIENT TYPE], [VALUE BAND], [START] to [END/ONGOING], team of [N]. Scope: [TWO LINES]. Performance on it: [METRIC — e.g. SLA attainment X% across Y months]. It is our best proof that we operate at the scale your solicitation describes.","contract summary","Bid owner"
"L-028","Past performance","What awards, ratings or third-party recognitions have you received?","[AWARD/RATING, YEAR, ISSUER] for [WHY]. We list these last rather than first: recognitions support a case, they do not replace evidence of comparable delivery, which sections [X-Y] carry.","award letters","Bid owner"
"L-029","Past performance","Describe an engagement where you exceeded the original scope of work.","[CLIENT] engaged us for [ORIGINAL SCOPE]; during delivery we identified [OPPORTUNITY/ISSUE]. With the client's approval we [WHAT WAS ADDED], delivering [OUTCOME]. The default behavior we took from it: [TRANSFERABLE PRACTICE — e.g. baseline audits that surface savings in month one].","case study","Bid owner"
"L-030","Past performance","Provide details of contracts terminated early or litigation in the last [N] years.","[NONE — confirm.] [IF ANY: In YEAR, a contract with [CLIENT TYPE] ended early because [REASON]. Exit terms: [FACTS]. What we changed: [CHANGE]. We answer this directly because evaluators discount bidders who bury it.]","disclosure statement","Founder / Ops"
"L-031","Approach","Describe your understanding of the work to be performed.","You are asking for [SERVICE] to achieve [OUTCOME], within [CONSTRAINTS — budget cycle, existing systems]. We read the core challenge as [RESTATE THE HARD PART — e.g. migrating without disrupting term-time operations], and our approach in section [X] is organized around solving that part first.","shred matrix — understanding section","Bid owner"
"L-032","Approach","Outline your methodology for delivering these services.","Our method has [N] phases: [PHASE 1 — purpose, duration, outputs]; [PHASE 2]; then steady-state delivery with [CADENCE] reviews. The phases map one-to-one to your evaluation criteria [REF], so you can score progress directly against the plan.","methodology diagram","Bid owner"
"L-033","Approach","Describe your implementation plan and timeline for the first 90 days.","Days 1-10: mobilize — kickoff, access, baseline. Days 11-30: [ACTIVITY] with first [DELIVERABLE] on day [X]. Days 31-60: [ACTIVITY]. Days 61-90: [ACTIVITY] plus the first service review against agreed KPIs. Each phase ends with a written status you can hold us to.","90-day plan","Bid owner"
"L-034","Approach","How will you ensure a smooth transition from the incumbent or from internal delivery?","Transition runs on three tracks: knowledge (structured handover sessions, documented runbooks), technical ([SYSTEM-SPECIFIC STEPS — parallel running, staged cutover]), and people (named contacts on both sides, a joint risk log from day one). The transition risk register is reviewed weekly with you until [STABILITY CRITERIA].","transition plan template","Bid owner"
"L-035","Approach","Describe your project management approach, tools and reporting.","We manage with a simple weekly rhythm: a single plan in [TOOL], a weekly written status (what moved, what slipped, what we need), and a monthly review against KPIs. You get access to the live plan rather than monthly slideware.","sample weekly status","Bid owner"
"L-036","Approach","How do you prioritize when multiple client demands compete?","Every contract has a named lead and a capacity plan agreed in advance. When demands collide, the escalation path is [LEAD] then [SPONSOR], and the tradeoff decision is documented to you within [TIMEFRAME]. Our staffing model holds [BUFFER %] surge capacity so prioritization is the exception, not the norm.","capacity policy","Ops"
"L-037","Approach","How would you approach the first 30 days specifically?","First ten working days: kickoff with your stakeholders, success measures confirmed in writing, access and security onboarding completed, baseline report published. By day 30: [FIRST CONCRETE DELIVERABLE]. We front-load listening — a structured stakeholder interview round ([N] interviews) closes by day [X].","30-day checklist","Bid owner"
"L-038","Approach","What assumptions does your approach rest on?","Key assumptions: [A1 — e.g. access to systems within X days]; [A2]; [A3]. If an assumption fails, the fallback is [FALLBACK] and the change route is our standard variation process — flagged early, costed before work continues, and subject to your written approval.","assumptions register","Bid owner"
"L-039","Approach","How do you customize your standard approach for each client?","The skeleton is standard so quality is repeatable; the content is not. We customize in three places: success measures (agreed at kickoff), interfaces ([SYSTEMS/TEAMS WE ADAPT TO]), and reporting format (your template or ours). Section [X] marks exactly where your requirements changed our standard plan.","customization map","Bid owner"
"L-040","Approach","Describe your approach to innovation and continuous improvement on this contract.","We commit to [CADENCE] improvement reviews, each bringing [N] measured proposals — [EXAMPLE CATEGORY]. Improvements are tracked in the service review with gains logged, and successful changes fold into the baseline so the contract compounds rather than drifts.","improvement log sample","Ops"
"L-041","Approach","How will you measure success on this contract?","We propose these measures, aligned to your stated objectives: [KPI 1 — definition, target, source, cadence]; [KPI 2]; [KPI 3]. Measures are baselined in the first [PERIOD] and reviewed [CADENCE]. If a measure stops being useful, we replace it by agreement rather than report it out of habit.","KPI definitions table","Bid owner"
"L-042","Approach","What do you need from our organization to succeed?","Realistically: [NEED 1 — e.g. a named product owner with X hours a week]; [NEED 2 — access and credentials]; [NEED 3 — decisions inside [SLA]]. We list these now because failed engagements usually trace to unmet client-side dependencies, and naming them in the bid protects both sides.","dependency list","Bid owner"
"L-043","Implementation","Provide a detailed project schedule with milestones.","The schedule in section [X] shows [N] milestones across [DURATION]: [M1 — name, date offset, acceptance criteria]; [M2]; [M3]. Each milestone has acceptance criteria agreed in advance, so completion is a fact, not an opinion.","schedule file","Bid owner"
"L-044","Implementation","Describe your change management and change control process.","Changes enter through one door: a written change request stating reason, impact on cost/schedule/risk, and options. You approve or reject in writing; we log it and update the plan. Standard-lead-time changes ([X] days) and an expedited route ([Y] days) are both defined in our process annex.","change request form sample","Ops"
"L-045","Implementation","How do you manage subconsultants or subcontractors?","Subcontractors ([LIST IF ANY]) work under our supervision, our QA process, and the same confidentiality terms we sign with you. We remain your single point of accountability: their deliverables pass our review before you see them, and substitution requires your prior approval.","subcontractor list; management clause","Ops"
"L-046","Implementation","Describe your document control and deliverable management.","All deliverables live in [SYSTEM] with version numbers, a named owner and a status (draft / in review / final). You approve finals in writing. On exit you receive the complete repository — documents, source files, credentials as agreed — so nothing is held hostage at the end.","repository structure sample","Ops"
"L-047","Implementation","What is your escalation procedure?","Level 1: engagement lead, response within [X] hours. Level 2: [SPONSOR], within [Y] hours. Level 3: [EXECUTIVE/CONTRACT OWNER], same business day. These routes, with names and numbers, ship in the kickoff pack, and every escalation is logged with its resolution in the monthly review.","escalation matrix","Ops"
"L-048","Implementation","How do you handle meetings, status reporting and communication cadence?","The rhythm: weekly written status (a 15-minute read), [BIWEEKLY] working session, monthly service review with KPIs and a decisions log. Between meetings, one shared channel with a [RESPONSE TIME] norm. Everything decision-relevant lands in writing — meetings produce actions, not memories.","comms plan","Ops"
"L-049","Implementation","Describe your acceptance criteria and sign-off process.","Every deliverable ships with acceptance criteria written when the work starts, not when it ends. You review against them; approved means signed, rejected means a dated remediation list. If we disagree, the criteria — not seniority — decide, with [ESCALATION ROUTE] as arbiter.","acceptance criteria template","Ops"
"L-050","Implementation","How is your team onboarded to our account and our rules?","Onboarding week covers your governance (who approves what), security rules ([SPECIFICS — badges, systems, data handling]), and a written one-page working agreement each team member signs. Nobody touches your systems before that onboarding completes and is logged.","onboarding checklist","Ops"
"L-051","Implementation","What tools and systems will you use, and who owns the licenses and data?","We use [TOOLS] for delivery; licenses are ours except where your policy requires otherwise. Your data stays yours: project artifacts live in [SYSTEM/TENANT] under your control, and our exit plan includes a complete, documented export in open formats.","tool list; data ownership clause","Ops"
"L-052","Implementation","Describe your approach to deadlines and schedule recovery.","We plan with [BUFFER DAYS] of buffer on the critical path and review schedule health weekly — slippage appears in the status report the week it happens, with a recovery plan attached (resequenced scope, added hours, or a documented tradeoff for your approval). We surface schedule problems early because recovery options shrink as the deadline approaches.","sample recovery plan","Bid owner"
"L-053","Service & support","Describe your service desk and the channels clients use to reach support.","Support runs through [CHANNELS — portal, phone, email], staffed [HOURS]. Every request gets a ticket with a tracking number, and your team sees status in the portal. The desk is [IN-HOUSE / DEDICATED TO CONTRACTS OF THIS TYPE], not a general inbox.","support model description","Ops"
"L-054","Service & support","What are your response and resolution times by priority?","Priority 1 ([DEFINITION]): response [X], workaround target [Y], resolution plan [Z]. Priority 2: response [X], resolution [Y]. Priority 3/4: [TARGETS]. We propose this as a starting table and finalize definitions with you at kickoff, so urgent means the same thing to both teams.","SLA table","Ops"
"L-055","Service & support","How do you measure and report SLA performance?","SLA attainment is measured from ticket timestamps in [SYSTEM] and reported monthly with the raw data attached: response times, resolution times, misses and their causes. If we miss, the report says so in the first line and carries the corrective action, not a footnote.","sample SLA report","Ops"
"L-056","Service & support","What happens when an SLA is missed?","A miss triggers, in order: acknowledgment to you within [X], a root-cause write-up within [Y] days, a corrective action with an owner and a date, and [REMEDY — service credits per the schedule in section Z]. Misses are reviewed in the monthly meeting so patterns are caught early.","service credit schedule","Ops"
"L-057","Service & support","Describe your after-hours and emergency support arrangements.","Outside business hours, [ARRANGEMENT — on-call rota, monitored inbox] reaches a named engineer, not voicemail. Emergency activation for Priority 1 is available [24/7] through [NUMBER/PORTAL]; the named on-call rota ships in the kickoff pack.","on-call policy","Ops"
"L-058","Service & support","What self-service resources do you provide?","[PORTAL/KNOWLEDGE BASE] carries [CONTENT — how-to guides, known issues, live status]. On this contract we extend it with [CLIENT-SPECIFIC CONTENT] and review search misses [CADENCE] to close knowledge gaps — the goal is fewer tickets, not faster ticket processing.","knowledge base sample","Ops"
"L-059","Service & support","How do you handle planned maintenance and service windows?","Maintenance windows are agreed in advance ([CADENCE/WINDOW]) and announced [NOTICE PERIOD] ahead with impact and rollback plans. Emergency maintenance outside windows requires your approval unless [EXCEPTION — active incident]. A live status page shows planned and current work.","maintenance policy","Ops"
"L-060","Service & support","Describe your account management after the sale.","[ACCOUNT MANAGER ROLE] owns the relationship: [CADENCE] check-ins, a quarterly business review with KPIs and a forward look, and an annual satisfaction survey with published results. Renewal conversations start [MONTHS] early so you decide with data, not under deadline pressure.","account plan template","Ops"
"L-061","Service & support","What is your ticket escalation path for unresolved issues?","If a ticket stalls: automatic escalation at [X]% of its resolution target to [ROLE]; manual escalation any time via [CHANNEL]. Escalated tickets get a named owner, a written action plan within [Y], and a line in the weekly status until closed.","escalation rules","Ops"
"L-062","Service & support","How do you ensure consistent service quality across staff turnover?","Quality lives in the system, not in individuals: documented runbooks per service, peer review before non-standard changes, and a QA sample of [N]% of resolved tickets scored monthly against a rubric. The scores trend in the service review — consistency is reported, not claimed.","QA rubric sample","Ops"
"L-063","Security & privacy","Describe your information security program.","Our program covers [DOMAINS — access control, change management, incident response, vendor management, training], owned by [ROLE]. Controls are audited [INTERNALLY/EXTERNALLY] [CADENCE]; the latest summary statement is in [ANNEX]. We will map our controls to your security questionnaire line by line on request.","security policy index","Ops"
"L-064","Security & privacy","What certifications do you hold (ISO 27001, SOC 2, etc.)?","[HOLD: ISO 27001 certified since [YEAR], certificate [NUMBER], scope statement attached.] [IF NOT: We hold [ACTUAL CERTS]; for controls without certification we provide our control matrix mapped to [STANDARD] and can complete your security review in [TIMEFRAME].]","certificates; control matrix","Ops"
"L-065","Security & privacy","How do you protect our data (encryption, storage, access)?","Data is encrypted in transit ([TLS 1.2+]) and at rest ([AES-256 or equivalent]) on [SYSTEMS/REGIONS]. Access follows least privilege with named approvals, reviewed [QUARTERLY]; all access is logged. Data residency: [REGION(S)]. Sub-processors are listed in [ANNEX] with your prior-approval right.","security datasheet","Ops"
"L-066","Security & privacy","Describe your incident response and breach notification process.","On detection: contain, assess, notify. You are notified within [X HOURS] of a confirmed incident affecting your data, with what happened, what is affected, and what we are doing — followed by a written root-cause report within [Y] days. The IR plan is exercised [CADENCE]; last exercise: [DATE, SCENARIO].","IR plan summary; exercise log","Ops"
"L-067","Security & privacy","How do you handle personal data and privacy compliance?","We act as [PROCESSOR/SERVICE PROVIDER] under [APPLICABLE LAW]: we process only on your documented instructions, maintain the required records, and support your data-subject requests within [SLA]. A data processing agreement is in [ANNEX], pre-filled and ready to sign.","DPA template","Ops"
"L-068","Security & privacy","What security training do your staff receive?","All staff complete security awareness training at hire and [ANNUALLY]; completion last cycle was [N]%. Topics: phishing, data handling, incident reporting. Access to client environments additionally requires [BACKGROUND CHECK / SIGNED ACCEPTABLE-USE POLICY], tracked per person.","training register","Ops"
"L-069","Security & privacy","How do you manage security in your supply chain (sub-processors)?","Sub-processors undergo security review before onboarding and [ANNUALLY] after; the current list is in [ANNEX]. Contracts flow down your confidentiality and data terms. You receive advance notice of sub-processor changes with a right to object, per the DPA.","sub-processor register","Ops"
"L-070","Security & privacy","Describe your access control for our systems and facilities.","Access is role-based, requested with justification, approved by [ROLE], and revoked within [X] hours of role change or departure. Privileged access requires [MFA / JUMP HOST / SESSION LOGGING]. Access reviews run [QUARTERLY] with evidence available to you on request.","access policy","Ops"
"L-071","Security & privacy","What is your approach to vulnerability and patch management?","[SYSTEMS] are patched on [CADENCE — e.g. critical within 72 hours, standard monthly]; vulnerability scans run [CADENCE] with findings triaged by severity and tracked to closure. Last cycle: [SUMMARY — e.g. no critical finding older than X days].","patch policy; scan summary","Ops"
"L-072","Security & privacy","Have you experienced a data breach in the last [N] years?","[NO — state so plainly.] [IF YES: In YEAR, [FACTS: what, scope, notification, resolution]. Changes made afterward: [CONTROLS ADDED]. We disclose this because the corrective record is part of our security posture today.]","disclosure statement","Ops"
"L-073","Quality","Describe your quality management system.","Quality is managed through [MECHANISMS — documented procedures, peer review gates, QA sampling, a corrective-action log][, certified ISO 9001 if true]. Every deliverable passes [REVIEW STEPS] before it reaches you; defects found after delivery are logged with root cause and folded back into checklists.","QMS summary","Ops"
"L-074","Quality","How do you review deliverables before submission to us?","A two-step review: the author's peer checks technical accuracy against the requirements matrix; a second reviewer checks completeness, consistency and tone against [HOUSE STYLE GUIDE]. The compliance matrix is the checklist — reviewers sign off requirement by requirement.","review checklist sample","Bid owner"
"L-075","Quality","What KPIs do you hold yourselves to internally?","Internal KPIs for engagements of this type: [KPI 1 — e.g. first-pass acceptance rate of deliverables, target X]; [KPI 2 — on-time milestone rate]; [KPI 3 — satisfaction score]. We report the same numbers to you: the service review carries our scorecard, not just yours.","internal scorecard sample","Ops"
"L-076","Quality","How do you capture and act on client feedback?","Feedback channels: [SURVEY CADENCE], review meetings, and a standing item in the monthly report. Every piece of feedback gets a disposition — action planned, declined with a reason, or already covered — and actions are tracked to closure in the open.","feedback log sample","Ops"
"L-077","Quality","Describe a time you improved a process based on client feedback.","[CLIENT] told us [FEEDBACK — e.g. reports arrived too late for their board cycle]. We moved to [CHANGE] within [PERIOD]; the following [CADENCE], [RESULT]. Lessons are kept in a per-engagement register and reviewed [QUARTERLY] across the company.","lessons-learned register","Ops"
"L-078","Quality","What audits or assessments do your operations undergo?","[LIST — internal QA audit [CADENCE]; external [STANDARD] audit [YEAR]; client audits welcomed with [NOTICE]]. We provide audit evidence packs on request and hosted [N] client audits in the last [PERIOD].","audit calendar","Ops"
"L-079","Quality","How do you ensure regulatory and statutory compliance in delivery?","Compliance obligations for this contract map to [REGULATIONS — e.g. accessibility rules, sector rules]; we track them in a compliance register with an owner and evidence per item, reviewed [CADENCE]. Where a rule is ambiguous, we document our interpretation and confirm with you before proceeding.","compliance register sample","Ops"
"L-080","Quality","What reporting will we receive and how often?","The standard pack: weekly written status, monthly service report (KPIs, incidents, risks, decisions), and a quarterly business review pack — in your template if you have one. Sample reports are in [ANNEX]; review them, because the format you see is the format you get.","sample monthly report","Ops"
"L-081","Risk & continuity","What are the top risks to this engagement and how would you mitigate them?","The honest top three: [RISK 1 — mitigation]; [RISK 2 — mitigation]; [RISK 3 — mitigation]. The full register opens at kickoff with likelihood, impact, owner and trigger per risk, and stands as an item in every service review — risks are managed in the open, not in a drawer.","risk register template","Bid owner"
"L-082","Risk & continuity","Describe your business continuity and disaster recovery capabilities.","Recovery time objective [RTO]; data loss tolerance [RPO]; tested [CADENCE] — last test [DATE]. Key systems run [REDUNDANCY MODEL]; the continuity plan assigns roles and communication trees by name. A summary is in [ANNEX]; the full plan is available under NDA.","BCP summary; test log","Ops"
"L-083","Risk & continuity","What insurance coverage do you carry?","[PROFESSIONAL INDEMNITY/E&O] [AMOUNT]; [GENERAL LIABILITY] [AMOUNT]; [CYBER] [AMOUNT]; [EMPLOYER LIABILITY] [AMOUNT]. Certificates are attached. Your required limits in RFP section [X] are [MET / ADDRESSED IN COVER LETTER].","insurance certificates","Finance"
"L-084","Risk & continuity","How do you handle key-person dependency on this contract?","Every critical function has a documented deputy and the runbooks to survive absence: [ROLE A] and deputy [NAME]; [ROLE B] and deputy [NAME]. The primary-to-deputy handover is exercised [CADENCE] so it works when needed — tested continuity, not an org-chart promise.","deputy matrix","Ops"
"L-085","Risk & continuity","What is your capacity to hold a contract of this size?","This contract would represent approximately [N]% of our current revenue — [WITHIN OUR RISK APPETITE / a deliberate, planned growth step]. We hold runway for [MONTHS] of delivery ahead of payment cycles, and our bank reference confirms [FACILITY]. Scale is a planning number for us, not a hope.","bank reference; revenue mix","Finance"
"L-086","Risk & continuity","How would you communicate bad news to us?","Early, in writing, with options. The norm we work to: material problems reach you within [X] business hours with what happened, the impact, and two or three candidate responses with our recommendation. We price the long-term value of honest status reports above the short-term comfort of a quiet week.","communications clause sample","Founder / Ops"
"L-087","Pricing","Provide your pricing and the basis of estimate.","Pricing is in the cost workbook as instructed: [MODEL — fixed / time-and-materials / per-unit] with [RATE CARD or PRICE SCHEDULE]. The basis of estimate shows the volume assumptions ([UNITS], [HOURS]) so the math can be audited. What happens when a volume assumption proves wrong is stated, not implied.","cost workbook; basis-of-estimate sheet","Finance"
"L-088","Pricing","How do you structure payment terms?","Proposed terms: [NET X] from invoice, [MILESTONE / MONTHLY] billing. We are open to [ALTERNATIVE — e.g. quarterly in arrears] and have structured bids around [BUYER CONSTRAINT — fiscal-year funding, grant disbursement] before. Payment mechanics should be boring and predictable for both sides.","payment terms sheet","Finance"
"L-089","Pricing","What is included in the price — and what is not?","Included: [LIST — deliverables, meetings, reporting, travel within [REGION]]. Explicitly not included: [LIST — third-party licenses, hardware, change requests beyond [X] hours]. This section exists so that month three holds no surprises in either direction.","inclusions/exclusions table","Finance"
"L-090","Pricing","Describe how change requests are priced.","Changes are estimated at the rate card in [ANNEX], approved by you in writing before work starts, and tracked in a change log with cumulative budget impact. Clarifications taking under [X] hours are absorbed — the threshold is contractual, so small is defined.","rate card; change clause","Finance"
"L-091","Pricing","Are there volume discounts or price breaks?","[YES: at [VOLUME 1] the unit price is [X]; at [VOLUME 2], [Y]. The breakpoints are tabled in [ANNEX].] [IF NOT: pricing is flat across the volumes in this solicitation; the structure reflects [REASON — fixed team cost], and we note where consolidation would genuinely change cost.]","price schedule","Finance"
"L-092","Pricing","How do you ensure price competitiveness without cutting quality?","We compete on [EFFICIENCY SOURCES — reusable assets, low overheads, right-sized team], not on thinning the service. The bid prices the scope in the compliance matrix, the QA steps included, and the team that can actually deliver it. Where a lower competing price exists, it usually prices a different scope — we invite the line-by-line comparison.","cost breakdown","Finance"
"L-093","Pricing","What happens to pricing at renewal or across a multi-year term?","Multi-year pricing escalates by [FORMULA — e.g. CPI capped at X% / fixed Y%], stated in the price schedule so renewal math is arithmetic, not negotiation. We include this clause unasked because predictable pricing is part of the service.","escalation clause","Finance"
"L-094","Pricing","Do you offer performance-based pricing or service credits?","[YES: [N]% of fees at risk against [KPI SET], credits per the schedule in [ANNEX].] [IF NOT: for this scope we price a committed service level with the credit schedule in section [X]; open-ended performance shares raise base prices. We are open to discussing a structured version at kickoff.]","credit schedule","Finance"
"L-095","Social value","Describe your environmental sustainability practices.","[PRACTICES — remote-first delivery, supplier standards, measurement such as emissions tracked since YEAR]. For this contract the material impact is [CONTRACT-SPECIFIC — reduced-travel model, paperless process], quantified in section [X].","environmental policy","Founder / Ops"
"L-096","Social value","How does your work support social value and the local community?","[CONTRIBUTIONS — local hiring ([N]% of team within [REGION]), apprenticeships, pro-bono [ACTIVITY] hours per year]. For this engagement we propose [SPECIFIC, MEASURABLE COMMITMENT], tracked and reported like any other deliverable.","social value policy","Founder / Ops"
"L-097","Social value","Describe your diversity and inclusion practices.","[PRACTICES — inclusive hiring process, pay review [CADENCE], flexible working policy, workforce profile [IF SHARED]]. We report what we measure: [METRIC] — and we will align reporting with your supplier diversity questionnaire.","D&I policy summary","Founder / Ops"
"L-098","Social value","What is your policy on ethical sourcing and labor standards?","Our supplier code requires [STANDARDS — labor rights, no forced labor, fair pay] and is acknowledged by [N]% of active suppliers; the statement is in [ANNEX]. Internally, [MECHANISM — confidential reporting channel, HR standards review [CADENCE]] holds our own team to the same standard.","policy statement","Founder / Ops"
"L-099","Compliance & admin","Confirm your legal status, registrations and ability to contract in our jurisdiction.","[LEGAL NAME], [LEGAL FORM], registered in [JURISDICTION] under [NUMBER]; registered or authorized to operate in [BUYER JURISDICTION]: [YES/DETAILS]. Tax and registration documents are in [ANNEX], current as of [DATE].","registration documents","Finance"
"L-100","Compliance & admin","Provide completed forms and signatures required by the RFP.","Required forms [LIST FORM IDS] are completed and signed in [ATTACHMENT], exactly as issued — no retyping, no reformatting. The submission checklist tracks each form against the RFP's list before the portal closes.","signed forms","Bid owner"
"L-101","Compliance & admin","Do you have pending litigation, disputes or investigations?","[NO — confirm.] [IF YES: [MATTER TYPE], status [STAGE], our position in one line, assessed impact on this contract: [NONE/DETAIL].] We answer plainly because this question is a filter: evaluators rarely disqualify a disclosed minor matter — they disqualify surprises.","disclosure letter","Founder / Ops"
"L-102","Compliance & admin","Who is authorized to bind your company contractually?","[NAME, TITLE] is authorized to sign; a signing-authority letter is in [ANNEX]. Electronic signature is acceptable to us [IF TRUE], wet-ink within [X] days on request. Signature logistics should delay nothing — this answer exists to prevent the classic last-day signature scramble.","authority letter","Founder / Ops"
